City_ID,City,Country,Date,Lat,Lng,Max Temp,Humidity,Cloudiness,Wind Speed
0,Albany,US,2021-11-27 18:56:12,42.6001,-73.9662,29.01,56,9,14.47
1,Castro,BR,2021-11-27 18:56:12,-24.7911,-50.0119,80.26,44,0,5.61
2,Sumbe,AO,2021-11-27 18:56:12,-11.2061,13.8437,76.93,80,100,7.49
3,Iqaluit,CA,2021-11-27 18:56:12,63.7506,-68.5145,24.53,74,90,9.22
4,Vilyuysk,RU,2021-11-27 18:56:12,63.7553,121.6247,2.05,90,100,11.3
5,Jamestown,US,2021-11-27 18:56:13,42.097,-79.2353,30.04,79,100,9.48
6,Mataura,NZ,2021-11-27 18:56:13,-46.1927,168.8643,44.78,80,89,2.06
7,Oriximina,BR,2021-11-27 18:56:13,-1.7656,-55.8661,88.56,53,100,4.83
8,Beoumi,CI,2021-11-27 18:56:13,7.6736,-5.5764,82.85,44,84,3.85
9,Ahuimanu,US,2021-11-27 18:56:14,21.4447,-157.8378,70.74,72,54,9.48
10,Butaritari,KI,2021-11-27 18:56:14,3.0707,172.7902,81.82,76,29,21.47
11,Ushuaia,AR,2021-11-27 18:56:14,-54.8,-68.3,53.26,40,0,5.75
12,Mayumba,GA,2021-11-27 18:56:14,-3.432,10.6554,75.51,90,100,5.12
13,Ballymena,GB,2021-11-27 18:56:15,54.8636,-6.2763,38.64,67,100,9.57
14,Fowa,NG,2021-11-27 18:56:15,8.9167,6.4,82.36,29,100,1.3
15,Porto Nacional,BR,2021-11-27 18:56:15,-10.7081,-48.4172,89.6,67,73,6.46
16,Jardim,BR,2021-11-27 18:56:15,-21.4803,-56.1381,99.79,34,0,1.07
17,Nacogdoches,US,2021-11-27 18:56:16,31.6002,-94.6335,53.31,46,100,5.21
18,Cidreira,BR,2021-11-27 18:56:16,-30.1811,-50.2056,72.37,85,20,13.91
19,Bengkulu,ID,2021-11-27 18:56:16,-3.8004,102.2655,76.08,89,100,3.04
20,Malinovskiy,RU,2021-11-27 18:56:16,61.1953,62.8397,29.23,83,42,10.8
21,Fairbanks,US,2021-11-27 18:51:31,64.8378,-147.7164,-11.24,71,90,0.0
22,Yellowknife,CA,2021-11-27 18:52:33,62.456,-114.3525,-8.88,77,20,8.05
23,Ketchikan,US,2021-11-27 18:56:17,55.3422,-131.6461,35.15,97,100,10.76
24,Thompson,CA,2021-11-27 18:56:17,55.7435,-97.8558,26.76,86,90,9.22
25,Airai,TL,2021-11-27 18:56:17,-8.9266,125.4092,61.77,92,93,0.74
26,Coroico,BO,2021-11-27 18:56:17,-16.1889,-67.7271,86.74,57,100,4.0
27,Bluff,NZ,2021-11-27 18:56:18,-46.6,168.3333,46.53,77,5,5.3
28,Punta Arenas,CL,2021-11-27 18:56:18,-53.15,-70.9167,57.31,41,75,19.57
29,Rikitea,PF,2021-11-27 18:56:18,-23.1203,-134.9692,76.01,76,16,14.88
30,Digha,IN,2021-11-27 18:56:18,21.6833,87.55,67.84,53,81,7.07
31,Kapaa,US,2021-11-27 18:56:19,22.0752,-159.319,74.3,62,0,4.65
32,Port Alfred,ZA,2021-11-27 18:56:19,-33.5906,26.891,65.89,93,37,7.92
33,Emerald,AU,2021-11-27 18:53:50,-23.5333,148.1667,71.74,100,0,3.44
34,Georgetown,MY,2021-11-27 18:52:54,5.4112,100.3354,80.55,83,20,0.0
35,Dawlatabad,AF,2021-11-27 18:56:19,36.4141,64.9053,45.37,47,0,1.66
36,Nikolskoye,RU,2021-11-27 18:56:19,59.7035,30.7861,26.49,88,100,12.39
37,Srednekolymsk,RU,2021-11-27 18:56:20,67.45,153.6833,-37.52,100,28,0.49
38,Haines Junction,CA,2021-11-27 18:56:20,60.7522,-137.5108,-7.65,84,100,2.3
39,Mar Del Plata,AR,2021-11-27 18:56:20,-38.0023,-57.5575,62.62,94,90,12.66
40,Yeniseysk,RU,2021-11-27 18:56:20,58.4497,92.1703,16.7,94,100,8.41
41,Lebu,CL,2021-11-27 18:56:21,-37.6167,-73.65,57.78,70,4,15.52
42,Busselton,AU,2021-11-27 18:56:21,-33.65,115.3333,64.15,66,0,5.59
43,Prigorodnyy,RU,2021-11-27 18:57:21,51.7661,55.2665,5.16,85,0,6.71
44,Komsomolskiy,UZ,2021-11-27 18:57:21,40.4272,71.7189,36.82,86,6,6.91
45,Hamilton,US,2021-11-27 18:56:21,39.1834,-84.5333,45.23,36,77,10.65
46,Takoradi,GH,2021-11-27 18:57:22,4.8845,-1.7554,80.37,79,89,8.84
47,Narsaq,GL,2021-11-27 18:57:22,60.9167,-46.05,40.17,98,100,10.8
48,Norman Wells,CA,2021-11-27 18:57:22,65.282,-126.8329,-16.56,76,20,5.75
49,Wajir,KE,2021-11-27 18:57:22,1.7471,40.0573,79.39,70,99,11.7
50,Upata,VE,2021-11-27 18:57:23,8.0086,-62.3989,81.72,73,92,4.29
51,Araouane,ML,2021-11-27 18:57:23,18.9048,-3.5265,80.82,19,100,3.49
52,Turinskaya Sloboda,RU,2021-11-27 18:57:23,57.6232,64.3858,28.51,84,100,11.86
53,Lewistown,US,2021-11-27 18:57:23,40.5992,-77.5714,38.61,48,40,9.22
54,Hobart,AU,2021-11-27 18:57:24,-42.8794,147.3294,46.26,87,4,6.91
55,Ribeira Grande,PT,2021-11-27 18:57:24,38.5167,-28.7,63.0,63,20,9.22
56,Kruisfontein,ZA,2021-11-27 18:57:24,-34.0033,24.7314,59.79,84,48,4.54
57,Kothi,IN,2021-11-27 18:57:24,24.75,80.7833,61.81,42,23,2.84
58,Faanui,PF,2021-11-27 18:57:24,-16.4833,-151.75,81.19,73,9,18.21
59,Atuona,PF,2021-11-27 18:57:25,-9.8,-139.0333,77.79,78,34,20.78
60,Chokurdakh,RU,2021-11-27 18:57:25,70.6333,147.9167,-34.64,100,57,0.96
61,Kaeo,NZ,2021-11-27 18:57:25,-35.1,173.7833,61.3,82,100,1.72
62,Hithadhoo,MV,2021-11-27 18:57:25,-0.6,73.0833,81.95,71,14,16.35
63,Cabo San Lucas,MX,2021-11-27 18:55:55,22.8909,-109.9124,72.39,82,100,3.98
64,Keflavik,IS,2021-11-27 18:57:26,64.0049,-22.5624,36.03,93,75,2.3
65,Garoua Boulai,CM,2021-11-27 18:57:26,5.8833,14.55,69.4,40,82,3.4
66,Dikson,RU,2021-11-27 18:57:26,73.5069,80.5464,-10.68,96,100,9.89
67,Cordoba,AR,2021-11-27 18:56:42,-31.4135,-64.1811,88.65,33,0,14.97
68,Melfort,CA,2021-11-27 18:57:27,52.8667,-104.6177,27.36,63,6,12.66
69,Labuhan,ID,2021-11-27 18:57:27,-6.8844,112.2051,78.03,86,100,9.69
70,Santo Antonio Do Leverger,BR,2021-11-27 18:53:09,-15.8656,-56.0767,93.58,49,100,6.55
71,Saquena,PE,2021-11-27 18:57:27,-4.6667,-73.5167,88.07,60,100,0.78
72,Shieli,KZ,2021-11-27 18:57:27,44.1667,66.75,30.94,33,0,7.49
73,Kloulklubed,PW,2021-11-27 18:57:28,7.0419,134.2556,79.3,78,93,13.11
74,Kushmurun,KZ,2021-11-27 18:57:28,52.4503,64.6311,12.52,89,13,11.16
75,Cape Town,ZA,2021-11-27 18:57:28,-33.9258,18.4232,64.81,88,75,14.97
76,Hermanus,ZA,2021-11-27 18:54:11,-34.4187,19.2345,65.35,77,58,18.37
77,Makakilo City,US,2021-11-27 18:57:28,21.3469,-158.0858,69.55,88,75,3.44
78,Tiznit,MA,2021-11-27 18:57:29,29.5833,-9.5,53.44,71,2,23.35
79,Amarante Do Maranhao,BR,2021-11-27 18:57:29,-5.5667,-46.7422,82.81,70,100,2.39
80,Cherskiy,RU,2021-11-27 18:57:29,68.75,161.3,-25.87,93,9,3.76
81,Aklavik,CA,2021-11-27 18:57:29,68.2191,-135.0107,-10.37,70,40,14.97
82,Tocopilla,CL,2021-11-27 18:57:30,-22.092,-70.1979,69.19,67,71,10.31
83,Barrow,US,2021-11-27 18:57:30,71.2906,-156.7887,-15.97,99,84,8.25
84,Bahawalpur,PK,2021-11-27 18:57:30,29.4,71.6833,66.61,23,0,5.86
85,Sao Filipe,CV,2021-11-27 18:57:30,14.8961,-24.4956,77.88,74,99,10.11
86,Muros,ES,2021-11-27 18:57:31,42.7762,-9.0603,43.3,69,25,17.05
87,Bredasdorp,ZA,2021-11-27 18:57:31,-34.5322,20.0403,69.04,56,100,8.34
88,Khasan,RU,2021-11-27 18:57:31,42.4308,130.6434,30.61,57,6,4.43
89,Siyabuswa,ZA,2021-11-27 18:58:31,-25.1132,29.0445,66.43,63,6,14.92
90,New Norfolk,AU,2021-11-27 18:58:32,-42.7826,147.0587,45.9,96,9,2.82
91,Kununurra,AU,2021-11-27 18:58:32,-15.7667,128.7333,76.98,83,50,0.0
92,Ulladulla,AU,2021-11-27 18:58:32,-35.35,150.4667,56.3,84,96,10.63
93,Pisco,PE,2021-11-27 18:54:48,-13.7,-76.2167,69.85,73,77,10.36
94,Victoria,HK,2021-11-27 18:58:32,22.2855,114.1577,68.05,64,99,7.76
95,Buraydah,SA,2021-11-27 18:58:33,26.326,43.975,66.65,36,0,8.43
96,Puerto Ayora,EC,2021-11-27 18:58:33,-0.7393,-90.3518,73.36,72,62,12.03
97,Emba,KZ,2021-11-27 18:58:33,48.8264,58.1442,21.52,76,100,7.65
98,Namibe,AO,2021-11-27 18:54:17,-15.1961,12.1522,69.87,70,41,10.92
99,Luderitz,NA,2021-11-27 18:58:33,-26.6481,15.1594,61.9,85,0,6.35
100,Lata,PT,2021-11-27 18:58:33,40.1629,-8.3327,50.41,55,1,9.19
101,Provideniya,RU,2021-11-27 18:58:34,64.3833,-173.3,-5.22,84,8,6.08
102,Baculin,PH,2021-11-27 18:58:34,7.4525,126.5842,78.15,86,100,5.66
103,Severo-Kurilsk,RU,2021-11-27 18:58:34,50.6789,156.125,28.13,67,73,25.66
104,Jacareacanga,BR,2021-11-27 18:58:34,-6.2222,-57.7528,76.44,97,100,3.78
105,Port Moresby,PG,2021-11-27 18:58:35,-9.4431,147.1797,76.05,85,92,3.44
106,Ponta Do Sol,PT,2021-11-27 18:58:35,32.6667,-17.1,61.43,74,24,7.63
107,Tuktoyaktuk,CA,2021-11-27 18:58:35,69.4541,-133.0374,-7.6,77,90,21.85
108,Saint-Philippe,RE,2021-11-27 18:58:36,-21.3585,55.7679,76.59,85,61,5.46
109,Clyde River,CA,2021-11-27 18:58:36,70.4692,-68.5914,-7.49,99,76,5.17
110,Codrington,AU,2021-11-27 18:58:36,-38.2667,141.9667,45.63,90,0,8.25
111,Vaini,TO,2021-11-27 18:58:36,-21.2,-175.2,80.76,89,75,8.05
112,Port-Gentil,GA,2021-11-27 18:58:37,-0.7193,8.7815,78.44,85,100,17.67
113,Payo,ID,2021-11-27 18:58:37,-3.7508,103.6372,72.41,80,100,1.19
114,Verkhnetulomskiy,RU,2021-11-27 18:58:37,68.6073,31.7962,-7.47,100,96,0.58
115,Dengfeng,CN,2021-11-27 18:58:37,34.4553,113.0281,45.81,57,100,2.93
116,Hilo,US,2021-11-27 18:58:38,19.7297,-155.09,75.24,65,2,2.93
117,Muroto,JP,2021-11-27 18:58:38,33.2833,134.15,50.45,54,0,11.61
118,Kinsale,IE,2021-11-27 18:58:38,51.7075,-8.5306,38.57,75,40,16.11
119,Isangel,VU,2021-11-27 18:58:38,-19.55,169.2667,73.51,94,40,0.0
120,Yulara,AU,2021-11-27 18:58:38,-25.2406,130.9889,64.24,48,0,8.05
121,Anloga,GH,2021-11-27 18:58:39,5.7947,0.8973,84.42,76,100,10.6
122,Okany,HU,2021-11-27 18:58:39,46.9,21.35,45.16,92,100,7.92
123,Venezuela,VE,2021-11-27 18:58:39,8.0,-66.0,86.61,59,100,11.23
124,Geraldton,AU,2021-11-27 18:58:39,-28.7667,114.6,63.01,59,2,3.44
125,Port Hardy,CA,2021-11-27 18:58:40,50.6996,-127.4199,46.4,87,90,20.71
126,Lagoa,PT,2021-11-27 18:58:40,39.05,-27.9833,60.93,65,39,9.73
127,Primorsk,UA,2021-11-27 18:57:07,46.7348,36.3443,48.25,94,68,12.68
128,Port Elizabeth,ZA,2021-11-27 18:58:40,-33.918,25.5701,64.69,68,0,8.05
129,Arraial Do Cabo,BR,2021-11-27 18:58:40,-22.9661,-42.0278,85.96,78,40,13.8
130,Charters Towers,AU,2021-11-27 18:58:41,-20.1,146.2667,73.81,86,0,7.34
131,Tuatapere,NZ,2021-11-27 18:58:41,-46.1333,167.6833,46.06,81,38,2.84
132,Itaituba,BR,2021-11-27 18:58:41,-4.2761,-55.9836,82.56,89,90,2.3
133,Hofn,IS,2021-11-27 18:58:41,64.2539,-15.2082,36.19,58,100,8.41
134,Belaya Gora,RU,2021-11-27 18:58:42,68.5333,146.4167,-32.48,98,100,1.72
135,Joshimath,IN,2021-11-27 18:58:42,30.5667,79.5667,45.66,30,0,5.21
136,Mandalgovi,MN,2021-11-27 18:58:42,45.7625,106.2708,14.49,81,17,18.03
137,Vieux-Habitants,GP,2021-11-27 18:59:42,16.0589,-61.7659,83.77,71,100,3.31
138,Kearney,US,2021-11-27 18:59:43,40.6995,-99.0815,61.72,27,12,20.62
139,Chikitigarh,IN,2021-11-27 18:59:43,19.2,84.6167,71.76,86,100,2.77
140,Salalah,OM,2021-11-27 18:59:43,17.0151,54.0924,77.63,43,38,3.15
141,Lithgow,AU,2021-11-27 18:59:43,-33.4833,150.15,46.71,96,100,7.0
142,Mehamn,NO,2021-11-27 18:59:44,71.0357,27.8492,17.31,80,56,15.79
143,Moss Vale,AU,2021-11-27 18:59:44,-34.55,150.3833,48.43,97,100,6.38
144,Vitim,RU,2021-11-27 18:59:44,59.4511,112.5578,6.28,94,100,7.87
145,Aksarka,RU,2021-11-27 18:59:44,66.5606,67.7975,-10.52,99,88,5.93
146,Sola,VU,2021-11-27 18:59:44,-13.8833,167.55,75.87,100,75,0.0
147,Upington,ZA,2021-11-27 18:59:45,-28.4478,21.2561,75.58,20,0,6.91
148,San Juan,AR,2021-11-27 18:59:45,-31.5375,-68.5364,85.66,24,100,27.81
149,Flinders,AU,2021-11-27 18:59:45,-34.5833,150.8552,56.48,85,100,13.44
150,Caravelas,BR,2021-11-27 18:59:45,-17.7125,-39.2481,74.08,88,100,7.78
151,Kastamonu,TR,2021-11-27 18:59:46,41.5,33.6667,46.31,90,100,3.09
152,Jawor,PL,2021-11-27 18:59:46,51.0513,16.1935,34.68,82,100,10.4
153,Longyearbyen,SJ,2021-11-27 18:59:46,78.2186,15.6401,13.84,62,20,16.11
154,Avarua,CK,2021-11-27 18:57:27,-21.2078,-159.775,80.65,83,20,8.05
155,General Roca,AR,2021-11-27 18:59:46,-39.0333,-67.5833,81.0,14,2,19.48
156,Tiksi,RU,2021-11-27 18:59:47,71.6872,128.8694,-4.16,98,100,6.17
157,Lavrentiya,RU,2021-11-27 18:59:47,65.5833,-171.0,-10.26,91,5,8.28
158,Mackenzie,CA,2021-11-27 18:59:47,55.2999,-123.1698,21.42,93,90,4.61
159,Margate,GB,2021-11-27 18:59:47,51.3813,1.3862,40.71,78,96,34.52
160,Zhangye,CN,2021-11-27 18:59:48,38.9342,100.4517,25.83,42,60,7.67
161,Qaanaaq,GL,2021-11-27 18:59:48,77.484,-69.3632,1.65,96,100,2.08
162,Buala,SB,2021-11-27 18:59:48,-8.145,159.5921,79.77,80,100,2.42
163,Valdivia,CL,2021-11-27 18:59:48,-39.8142,-73.2459,64.49,42,24,6.87
164,Galesong,ID,2021-11-27 18:59:49,-5.3166,119.3661,77.02,83,100,7.45
165,Humaita,BR,2021-11-27 18:59:49,-7.5061,-63.0208,81.82,90,100,2.06
166,Comodoro Rivadavia,AR,2021-11-27 18:59:49,-45.8667,-67.5,67.86,18,0,10.36
167,Tasiilaq,GL,2021-11-27 18:59:49,65.6145,-37.6368,25.95,79,100,11.97
168,Hualmay,PE,2021-11-27 18:59:50,-11.0964,-77.6139,68.99,78,100,10.0
169,Phek,IN,2021-11-27 18:59:50,25.6667,94.5,39.54,96,8,1.83
170,Katherine,AU,2021-11-27 18:59:50,-14.4667,132.2667,80.92,65,37,4.61
171,Tommot,RU,2021-11-27 18:59:50,58.9564,126.2925,6.24,90,100,10.0
172,Chuy,UY,2021-11-27 18:58:06,-33.6971,-53.4616,72.93,69,38,12.77
173,The Valley,AI,2021-11-27 18:59:51,18.217,-63.0578,85.86,74,40,9.22
174,Puerto Narino,CO,2021-11-27 18:59:51,-3.7703,-70.3831,93.15,39,59,3.11
175,Constitucion,CL,2021-11-27 18:59:51,-35.3333,-72.4167,61.38,63,3,19.75
176,Vardo,NO,2021-11-27 18:59:51,70.3705,31.1107,24.64,79,40,12.17
177,Saint-Pierre,RE,2021-11-27 18:59:51,-21.3393,55.4781,76.68,78,90,2.3
178,Souillac,MU,2021-11-27 18:59:23,-20.5167,57.5167,75.58,78,20,4.61
179,Asyut,EG,2021-11-27 18:59:52,27.181,31.1837,68.18,24,81,5.19
180,Birin,NP,2021-11-27 18:59:52,26.8865,88.0718,48.47,68,3,4.94
181,Wanganui,NZ,2021-11-27 19:00:39,-39.9333,175.05,59.65,87,100,3.38
182,Bambous Virieux,MU,2021-11-27 19:00:13,-20.3428,57.7575,77.4,71,7,7.61
183,East London,ZA,2021-11-27 18:57:34,-33.0153,27.9116,65.34,88,0,4.61
184,Egvekinot,RU,2021-11-27 19:00:52,66.3167,-179.1667,-16.94,87,2,6.24
185,Mechanicsville,US,2021-11-27 19:00:53,37.6088,-77.3733,47.03,31,20,10.36
186,Boyolangu,ID,2021-11-27 19:00:53,-8.1181,111.8935,76.21,91,100,3.0
187,Abu Kamal,SY,2021-11-27 19:00:53,34.4506,40.9171,62.69,49,100,0.36
188,Nishihara,JP,2021-11-27 19:00:53,26.1842,127.7558,70.88,53,75,18.41
189,Gizo,SB,2021-11-27 19:00:54,-8.103,156.8419,82.11,77,100,8.12
190,Uvat,RU,2021-11-27 19:00:54,59.1433,68.8953,29.01,88,99,12.88
191,Kungurtug,RU,2021-11-27 19:00:54,50.5994,97.5228,-6.39,97,62,1.81
192,Santo Domingo,DO,2021-11-27 19:00:10,18.5001,-69.9886,86.36,50,16,6.13
193,Santa Vitoria,BR,2021-11-27 19:00:54,-18.8386,-50.1214,81.36,73,52,11.39
194,Cairns,AU,2021-11-27 18:56:00,-16.9167,145.7667,75.15,100,70,1.14
195,Ola,RU,2021-11-27 19:00:55,59.5833,151.2833,-4.34,86,36,9.53
196,Vila Franca Do Campo,PT,2021-11-27 19:00:55,37.7167,-25.4333,61.21,76,9,7.29
197,Zhigansk,RU,2021-11-27 19:00:55,66.7697,123.3711,-4.11,99,100,3.58
198,Hasaki,JP,2021-11-27 19:00:55,35.7333,140.8333,39.6,51,0,12.57
199,Upernavik,GL,2021-11-27 18:59:25,72.7868,-56.1549,14.43,95,89,5.37
200,Taltal,CL,2021-11-27 19:00:56,-25.4,-70.4833,69.08,58,22,8.59
201,San Patricio,US,2021-11-27 19:00:56,28.017,-97.5169,55.26,63,100,4.56
202,Half Moon Bay,US,2021-11-27 19:00:56,37.4636,-122.4286,62.51,69,1,0.0
203,Kenora,CA,2021-11-27 19:00:56,49.8167,-94.4337,31.98,91,100,8.68
204,Vanavara,RU,2021-11-27 19:00:57,60.34,102.2797,6.22,93,100,8.23
205,Khatanga,RU,2021-11-27 19:00:57,71.9667,102.5,-4.18,91,100,15.12
206,Bethel,US,2021-11-27 18:59:31,41.3712,-73.414,37.51,45,5,12.53
207,Pevek,RU,2021-11-27 19:00:57,69.7008,170.3133,-16.94,87,4,3.74
208,San Quintin,MX,2021-11-27 19:00:57,30.4833,-115.95,73.04,30,0,4.97
209,Blind River,CA,2021-11-27 19:00:58,46.1834,-82.9582,26.85,47,89,1.25
210,Manokwari,ID,2021-11-27 19:00:58,-0.8667,134.0833,78.42,81,100,5.21
211,Yumen,CN,2021-11-27 19:00:58,40.2833,97.2,25.48,45,100,6.38
212,Torata,PE,2021-11-27 18:59:16,-17.0769,-70.8433,64.87,57,91,9.93
213,Axim,GH,2021-11-27 19:00:58,4.8699,-2.2405,79.66,80,82,6.67
214,Belmonte,BR,2021-11-27 19:00:59,-15.8631,-38.8828,80.69,78,100,11.41
215,Prince Rupert,CA,2021-11-27 18:59:21,54.3161,-130.3201,46.49,76,90,26.46
216,Tual,ID,2021-11-27 19:00:59,-5.6667,132.75,83.61,71,100,5.08
217,Villamontes,BO,2021-11-27 19:00:59,-21.25,-63.5,103.12,27,46,12.46
218,Camacha,PT,2021-11-27 19:00:59,33.0833,-16.3333,60.22,77,40,17.27
219,Mount Gambier,AU,2021-11-27 19:00:26,-37.8333,140.7667,45.03,93,8,5.82
220,Loa Janan,ID,2021-11-27 19:01:00,-0.583,117.095,73.85,99,100,1.83
221,Quelimane,MZ,2021-11-27 19:01:00,-17.8786,36.8883,71.82,74,86,5.37
222,Guerrero Negro,MX,2021-11-27 19:01:00,27.9769,-114.0611,76.32,40,0,10.8
223,Rantepao,ID,2021-11-27 19:01:01,-2.9701,119.8978,68.09,97,100,1.77
224,Mollendo,PE,2021-11-27 19:02:01,-17.0231,-72.0147,68.99,75,90,10.54
225,Carnarvon,AU,2021-11-27 19:02:01,-24.8667,113.6333,77.5,53,0,13.2
226,Villiers,ZA,2021-11-27 19:02:01,-27.0303,28.6006,59.09,84,98,3.89
227,Coihaique,CL,2021-11-27 19:02:02,-45.5752,-72.0662,63.91,31,6,9.93
228,Port Augusta,AU,2021-11-27 19:02:02,-32.5,137.7667,62.29,61,100,7.0
229,Marawi,PH,2021-11-27 19:02:02,7.9986,124.2928,69.55,92,100,1.81
230,Kahului,US,2021-11-27 18:59:26,20.8947,-156.47,75.43,68,0,6.15
231,Paka,MY,2021-11-27 19:02:02,4.6374,103.4368,76.28,91,100,8.01
232,Constantine,DZ,2021-11-27 19:02:03,36.365,6.6147,51.08,52,78,19.04
233,San Cristobal,VE,2021-11-27 19:02:03,7.7669,-72.225,84.09,47,28,4.83
234,Kitimat,CA,2021-11-27 19:02:03,54.0524,-128.6534,32.5,97,100,2.68
235,Parksville,CA,2021-11-27 18:59:19,49.3163,-124.3195,47.48,98,100,25.32
236,Mount Darwin,ZW,2021-11-27 19:02:04,-16.7725,31.5838,69.64,54,7,9.01
237,Mookane,BW,2021-11-27 19:02:04,-23.688,26.6595,70.09,55,0,16.71
238,Kutum,SD,2021-11-27 19:02:04,14.2,24.6667,68.45,16,0,9.93
239,Lima,PE,2021-11-27 18:58:25,-12.0432,-77.0282,66.45,73,90,10.36
240,Port Pirie,AU,2021-11-27 19:02:04,-33.1833,138.0167,60.46,53,100,5.73
241,Jinchang,CN,2021-11-27 19:02:05,38.4953,102.1739,29.8,37,5,9.35
242,Palauig,PH,2021-11-27 19:02:05,15.435,119.9045,80.08,73,94,4.41
243,Sakaraha,MG,2021-11-27 19:02:05,-22.9,44.5333,64.94,59,0,16.08
244,Coahuayana,MX,2021-11-27 19:00:16,18.7333,-103.6833,88.9,48,81,6.89
245,Sioux Lookout,CA,2021-11-27 19:02:05,50.1001,-91.917,26.98,86,90,8.05
246,Kidal,ML,2021-11-27 19:02:06,18.4411,1.4078,82.63,16,0,7.81
247,Doha,QA,2021-11-27 19:02:06,25.2867,51.5333,76.98,69,0,8.05
248,Matagami,CA,2021-11-27 19:02:06,49.7502,-77.6328,17.71,100,90,13.8
249,Petropavlovsk-Kamchatskiy,RU,2021-11-27 19:02:06,53.0452,158.6483,21.79,68,75,6.71
250,Clarence Town,AU,2021-11-27 19:02:07,-32.5833,151.7833,60.71,96,100,3.29
251,Muisne,EC,2021-11-27 19:02:07,0.6,-80.0333,75.88,83,100,7.02
252,A Coruna,ES,2021-11-27 19:02:07,43.3713,-8.396,47.12,81,40,12.66
253,Westport,US,2021-11-27 19:00:27,41.1415,-73.3579,42.76,47,6,16.53
254,Ilulissat,GL,2021-11-27 19:02:07,69.2167,-51.1,24.82,74,75,18.41
255,Mokhsogollokh,RU,2021-11-27 19:02:08,61.4681,128.9203,6.8,84,100,10.89
256,Progreso,MX,2021-11-27 19:02:08,21.2833,-89.6667,80.22,61,66,11.72
257,Minchinabad,PK,2021-11-27 19:02:08,30.163,73.5685,63.99,25,0,7.4
258,Broken Hill,AU,2021-11-27 19:02:08,-31.95,141.4333,60.19,71,23,9.22
259,Paamiut,GL,2021-11-27 19:02:09,61.994,-49.6678,38.79,96,100,12.15
260,Aldan,RU,2021-11-27 19:02:09,58.6031,125.3894,-1.28,94,100,8.08
261,Esperance,AU,2021-11-27 19:02:09,-33.8667,121.9,60.35,67,1,12.44
262,Belaya Rechka,RU,2021-11-27 19:02:10,43.4381,43.535,44.2,48,98,4.92
263,Nakamura,JP,2021-11-27 19:02:10,32.9833,132.9333,38.86,76,0,4.05
264,Batticaloa,LK,2021-11-27 19:02:10,7.7102,81.6924,79.61,84,100,4.32
265,Marshalltown,US,2021-11-27 19:02:10,42.0494,-92.908,61.03,41,1,26.46
266,Te Anau,NZ,2021-11-27 19:00:12,-45.4167,167.7167,42.46,89,100,0.2
267,Kadoma,JP,2021-11-27 19:02:11,34.7333,135.5833,49.98,60,6,2.77
268,Fort Nelson,CA,2021-11-27 19:00:15,58.8053,-122.7002,12.4,87,84,2.26
269,Morehead,US,2021-11-27 19:03:11,37.2711,-87.1764,55.15,41,1,10.36
270,Lubang,PH,2021-11-27 19:03:11,13.8584,120.124,82.13,79,100,21.45
271,Yar-Sale,RU,2021-11-27 19:03:11,66.8333,70.8333,3.87,97,98,6.44
272,Khani,GE,2021-11-27 19:03:11,41.9563,42.9566,44.17,64,100,4.23
273,Yenagoa,NG,2021-11-27 19:00:57,4.9247,6.2642,77.99,89,100,4.85
274,Zeya,RU,2021-11-27 19:03:12,53.75,127.2667,17.35,73,100,4.12
275,Nuevo Progreso,MX,2021-11-27 19:03:12,23.1667,-97.95,74.79,61,76,4.09
276,Garoua,CM,2021-11-27 19:03:12,9.3,13.4,83.21,17,97,3.69
277,Novouralsk,RU,2021-11-27 19:03:13,57.2439,60.0839,26.82,89,100,13.6
278,Salinopolis,BR,2021-11-27 19:03:13,-0.6136,-47.3561,83.62,72,27,10.09
279,Lae,PG,2021-11-27 19:03:13,-6.7221,146.9847,75.09,89,17,6.46
280,Doka,SD,2021-11-27 19:03:13,13.5167,35.7667,84.49,33,5,8.81
281,Kuntaur,GM,2021-11-27 19:03:14,13.6667,-14.8833,90.45,20,15,4.72
282,Kodiak,US,2021-11-27 19:03:14,57.79,-152.4072,6.31,78,40,10.36
283,Olafsvik,IS,2021-11-27 19:03:14,64.8945,-23.7142,39.16,90,100,2.51
284,Jimo,CN,2021-11-27 19:03:14,36.3897,120.4622,45.54,71,100,4.12
285,Flin Flon,CA,2021-11-27 19:03:15,54.7682,-101.865,27.43,73,67,14.25
286,Las Tunas,CU,2021-11-27 19:03:15,20.9617,-76.9511,84.33,44,23,10.71
287,Kavieng,PG,2021-11-27 18:59:28,-2.5744,150.7967,81.0,76,90,3.06
288,Nanortalik,GL,2021-11-27 19:03:15,60.1432,-45.2371,43.12,90,100,14.65
289,Honiara,SB,2021-11-27 19:03:15,-9.4333,159.95,77.13,86,99,3.47
290,Kaitangata,NZ,2021-11-27 19:03:16,-46.2817,169.8464,48.0,82,100,3.53
291,Alpena,US,2021-11-27 19:03:16,45.0617,-83.4327,30.34,69,75,4.61
292,Merauke,ID,2021-11-27 19:03:16,-8.4667,140.3333,80.71,75,100,1.23
293,Daru,PG,2021-11-27 19:03:17,-9.0763,143.2092,78.67,85,100,1.32
294,Arcozelo,PT,2021-11-27 19:03:17,41.0533,-8.6433,46.56,52,5,20.42
295,Peru,US,2021-11-27 19:01:24,40.7537,-86.0689,39.94,65,75,8.05
296,Obera,AR,2021-11-27 19:03:17,-27.4871,-55.1199,83.73,43,0,5.28
297,Aykhal,RU,2021-11-27 19:03:17,66.0,111.5,-3.21,92,100,17.6
298,Petropavl,KZ,2021-11-27 19:03:18,54.8753,69.1628,20.3,91,99,14.65
299,Maragogi,BR,2021-11-27 19:03:18,-9.0122,-35.2225,82.17,68,90,16.8
300,Naze,JP,2021-11-27 19:03:18,28.3667,129.4833,62.13,61,11,20.27
301,Shelburne,CA,2021-11-27 18:59:59,44.0787,-80.2041,30.09,71,76,8.41
302,Semporna,MY,2021-11-27 19:03:18,4.4818,118.6112,78.6,89,98,7.07
303,Caconda,AO,2021-11-27 19:03:19,-13.7333,15.0667,62.31,87,98,2.75
304,Stornoway,GB,2021-11-27 19:03:19,58.2093,-6.3865,33.76,93,75,11.5
305,Yanam,IN,2021-11-27 19:03:19,16.7333,82.2167,77.88,79,100,8.84
306,Saskylakh,RU,2021-11-27 19:03:19,71.9167,114.0833,-5.21,93,80,9.89
307,Kieta,PG,2021-11-27 19:03:20,-6.2167,155.6333,79.09,84,100,2.46
308,Beira,MZ,2021-11-27 19:03:20,-19.8436,34.8389,73.27,65,4,8.95
309,Sungai Udang,MY,2021-11-27 19:03:20,2.269,102.1427,77.18,87,81,5.75
310,Honningsvag,NO,2021-11-27 19:03:20,70.9821,25.9704,26.49,67,37,23.87
311,Kurilsk,RU,2021-11-27 19:03:21,45.2333,147.8833,35.35,80,99,19.28
312,Tura,IN,2021-11-27 19:03:21,25.5198,90.2201,59.59,75,13,4.34
313,Cabedelo,BR,2021-11-27 19:04:21,-6.9811,-34.8339,86.67,66,33,10.69
314,Skibbereen,IE,2021-11-27 19:02:25,51.55,-9.2667,39.0,74,99,8.5
315,Saint-Francois,FR,2021-11-27 19:04:21,46.4154,3.9054,36.84,87,90,5.75
316,Alto Araguaia,BR,2021-11-27 19:04:22,-17.3147,-53.2153,82.49,65,100,6.2
317,Atar,MR,2021-11-27 19:04:22,20.5169,-13.0499,76.06,33,5,12.66
318,Bilibino,RU,2021-11-27 19:04:22,68.0546,166.4372,-27.83,97,9,4.32
319,Biak,ID,2021-11-27 19:04:22,-0.9131,122.8766,77.29,84,100,3.18
320,Kasongo-Lunda,CD,2021-11-27 19:04:23,-6.4667,16.8167,70.75,97,99,0.96
321,Ancud,CL,2021-11-27 19:00:17,-41.8697,-73.8203,55.24,54,6,11.81
322,Torbay,CA,2021-11-27 19:04:23,47.6666,-52.7314,48.97,100,90,19.57
323,Sitka,US,2021-11-27 18:59:50,57.0531,-135.33,36.23,89,100,5.55
324,Jishou,CN,2021-11-27 19:04:23,28.3167,109.7167,52.65,59,96,2.26
325,Eureka,US,2021-11-27 19:03:46,40.8021,-124.1637,63.21,75,100,3.4
326,Eenhana,NA,2021-11-27 19:04:23,-17.4667,16.3333,82.36,30,53,6.58
327,Henties Bay,NA,2021-11-27 19:04:24,-22.116,14.2845,60.49,79,0,9.89
328,Richards Bay,ZA,2021-11-27 19:04:24,-28.783,32.0377,68.07,70,21,16.2
329,Jiazi,CN,2021-11-27 19:04:24,22.8779,116.067,64.92,71,15,11.61
330,Batemans Bay,AU,2021-11-27 19:04:24,-35.7167,150.1833,54.18,86,100,7.78
331,Plouzane,FR,2021-11-27 19:04:25,48.3833,-4.6167,43.12,56,75,20.71
332,Touros,BR,2021-11-27 19:04:25,-5.1989,-35.4608,86.9,68,32,12.91
333,Qaqortoq,GL,2021-11-27 19:04:25,60.7167,-46.0333,41.5,98,100,11.61
334,Namtsy,RU,2021-11-27 19:04:25,62.7161,129.6658,3.31,91,100,8.01
335,Micheweni,TZ,2021-11-27 19:04:26,-4.9667,39.8333,80.87,76,97,10.56
336,Vostok,RU,2021-11-27 19:04:26,46.4856,135.8833,3.99,98,61,5.03
337,Nisia Floresta,BR,2021-11-27 19:04:26,-6.0911,-35.2086,86.81,61,24,11.1
338,Odweyne,SO,2021-11-27 19:04:27,9.4092,45.064,71.64,57,96,11.74
339,Verkhnyaya Inta,RU,2021-11-27 19:04:27,65.9811,60.3094,-4.97,96,100,2.08
340,Matay,EG,2021-11-27 19:04:27,28.419,30.7792,70.02,30,76,3.83
341,Ongole,IN,2021-11-27 19:04:27,15.5,80.05,75.76,86,100,8.84
342,Solnechnyy,RU,2021-11-27 19:04:27,50.7214,136.6319,12.43,94,61,5.41
343,Mahebourg,MU,2021-11-27 18:59:56,-20.4081,57.7,75.49,78,20,4.61
344,Hokitika,NZ,2021-11-27 19:04:28,-42.7167,170.9667,53.53,93,100,8.52
345,Redcliffe,AU,2021-11-27 19:04:28,-27.2307,153.0973,69.75,78,75,10.36
346,Derzhavinsk,KZ,2021-11-27 19:04:28,51.1,66.3167,9.1,87,11,8.23
347,Ormara,PK,2021-11-27 19:04:29,25.2088,64.6357,77.74,50,6,6.22
348,Meulaboh,ID,2021-11-27 19:04:29,4.1363,96.1285,76.64,88,100,6.02
349,Umarkot,PK,2021-11-27 19:04:29,25.3616,69.7362,74.23,35,98,7.4
350,Monte Patria,CL,2021-11-27 19:00:48,-30.6919,-70.9467,80.4,26,0,11.52
351,Gurupa,BR,2021-11-27 19:04:29,-1.405,-51.64,86.9,58,100,3.78
352,Kupang,ID,2021-11-27 19:04:30,-10.1667,123.5833,79.9,81,96,4.07
353,Rio Gallegos,AR,2021-11-27 19:04:30,-51.6226,-69.2181,57.78,42,100,23.38
354,Ibra,OM,2021-11-27 19:04:30,22.6906,58.5334,69.94,54,7,3.8
355,Cap Malheureux,MU,2021-11-27 19:01:08,-19.9842,57.6142,78.08,70,7,9.78
356,Lumphat,KH,2021-11-27 19:04:30,13.4878,106.9816,71.83,78,100,2.93
357,Kachiry,KZ,2021-11-27 19:04:31,53.0675,76.1036,19.96,85,57,17.76
358,Point Fortin,TT,2021-11-27 19:04:31,10.1833,-61.6833,81.41,78,100,6.62
359,Aquiraz,BR,2021-11-27 19:05:31,-3.9014,-38.3911,86.09,66,75,11.65
360,Honghu,CN,2021-11-27 19:05:31,29.8206,113.4621,50.22,68,7,3.78
361,Shimoda,JP,2021-11-27 19:05:32,34.6667,138.95,47.88,49,28,3.67
362,Awjilah,LY,2021-11-27 19:02:13,29.1081,21.2869,74.34,33,51,7.56
363,Sao Jose De Piranhas,BR,2021-11-27 19:05:32,-7.1206,-38.5019,94.1,29,13,6.6
364,Mayo,US,2021-11-27 19:05:32,38.8876,-76.5119,45.01,42,1,9.22
365,Quang Ngai,VN,2021-11-27 19:05:32,15.1167,108.8,73.76,95,100,11.77
366,Hobyo,SO,2021-11-27 19:05:33,5.3505,48.5268,80.83,80,96,10.27
367,Lompoc,US,2021-11-27 19:01:34,34.6391,-120.4579,75.92,14,1,3.44
368,Onega,RU,2021-11-27 19:05:33,63.9061,38.1404,10.45,97,94,3.27
369,Ponta Delgada,PT,2021-11-27 19:05:33,37.7333,-25.6667,61.52,63,75,6.91
370,La Orilla,MX,2021-11-27 19:05:33,17.9833,-102.2333,85.32,56,8,5.55
371,Opuwo,NA,2021-11-27 19:05:34,-18.0607,13.84,76.46,23,10,8.81
372,Filadelfia,US,2021-11-27 19:00:36,39.9523,-75.1638,38.88,34,6,12.35
373,Vieste,IT,2021-11-27 19:05:34,41.8825,16.175,57.52,73,95,15.41
374,Norsup,VU,2021-11-27 19:05:34,-16.0667,167.3833,79.3,82,13,4.12
375,Sonari,IN,2021-11-27 19:05:34,27.0667,95.0333,58.96,82,0,2.44
376,North Bend,US,2021-11-27 19:05:35,43.4065,-124.2243,58.91,94,90,6.91
377,West Bay,KY,2021-11-27 19:05:35,19.3667,-81.4167,84.27,58,40,11.5
378,Novita,CO,2021-11-27 19:05:35,4.9551,-76.6053,84.69,67,100,3.22
379,Guder,ET,2021-11-27 19:01:12,8.9667,37.7667,56.75,74,17,5.7
380,Qui Nhon,VN,2021-11-27 19:05:35,13.7667,109.2333,76.6,95,100,16.93
381,Sovetskaya,RU,2021-11-27 19:05:36,44.7769,41.1722,40.01,67,100,9.35
382,Jieshi,CN,2021-11-27 19:05:36,22.8134,115.8257,66.24,67,10,10.58
383,Tromso,NO,2021-11-27 19:05:36,69.6496,18.957,19.42,68,0,16.11
384,Port Lincoln,AU,2021-11-27 19:05:36,-34.7333,135.8667,55.98,83,0,11.83
385,Havoysund,NO,2021-11-27 19:05:37,70.9963,24.6622,23.88,64,64,16.42
386,Kavaratti,IN,2021-11-27 19:03:03,10.5669,72.642,82.13,75,100,5.61
387,Broome,US,2021-11-27 19:05:37,42.2506,-75.833,30.97,63,75,13.8
388,Huarmey,PE,2021-11-27 19:05:37,-10.0681,-78.1522,71.6,74,68,11.65
389,Mantua,IT,2021-11-27 19:05:38,45.1667,10.7833,51.04,86,100,8.63
390,Apollonia,GR,2021-11-27 19:05:38,36.9716,24.7231,62.73,80,100,17.94
391,Obihiro,JP,2021-11-27 19:05:38,42.9172,143.2044,29.84,77,16,6.02
392,Bereznik,RU,2021-11-27 19:05:38,62.8551,42.7072,5.07,100,100,2.17
393,Mogadishu,SO,2021-11-27 19:05:38,2.0371,45.3438,80.62,77,57,9.64
394,Havre-Saint-Pierre,CA,2021-11-27 19:05:39,50.2334,-63.5986,44.96,93,90,13.8
395,Felanitx,ES,2021-11-27 19:05:39,39.4696,3.1483,50.52,63,12,16.82
396,Saint-Joseph,RE,2021-11-27 19:05:39,-21.3667,55.6167,75.58,86,35,2.06
397,Mahajanga,MG,2021-11-27 19:05:39,-15.7167,46.3167,81.1,78,100,9.19
398,Baykit,RU,2021-11-27 19:05:40,61.67,96.37,-6.03,100,93,1.88
399,Angoche,MZ,2021-11-27 19:02:12,-16.2325,39.9086,76.14,66,51,12.64
400,Nakambala,ZM,2021-11-27 19:05:40,-15.8324,27.7799,69.62,64,1,7.87
401,Luangwa,ZM,2021-11-27 19:05:40,-15.6167,30.4167,75.31,59,7,3.74
402,Talnakh,RU,2021-11-27 19:05:41,69.4865,88.3972,0.1,97,100,9.66
403,Tessalit,ML,2021-11-27 19:05:41,20.1986,1.0114,81.97,17,100,7.99
404,Qasigiannguit,GL,2021-11-27 19:05:41,68.8193,-51.1922,25.05,92,100,4.34
405,Mizan Teferi,ET,2021-11-27 19:05:41,6.9833,35.5833,68.04,66,95,2.59
406,Lorengau,PG,2021-11-27 19:01:16,-2.0226,147.2712,79.56,81,100,2.44
407,Anchorage,US,2021-11-27 19:06:02,61.2181,-149.9003,3.24,72,20,3.44
408,Sladkovo,RU,2021-11-27 19:06:42,55.5284,70.3385,21.97,90,99,15.5
409,Vierzon,FR,2021-11-27 19:06:42,47.2101,2.0625,38.75,93,100,13.58
410,Alofi,NU,2021-11-27 19:06:42,-19.0595,-169.9187,80.26,77,98,12.17
411,Whitehorse,CA,2021-11-27 19:06:43,60.7161,-135.0538,4.3,98,100,1.88
412,Avera,US,2021-11-27 19:06:43,33.194,-82.5271,60.85,26,5,4.94
413,Muttupet,IN,2021-11-27 19:06:43,10.4,79.4833,75.07,95,100,10.22
414,Yako,BF,2021-11-27 19:06:43,12.9667,-2.2667,84.83,13,9,8.84
415,Semey,KZ,2021-11-27 19:02:19,50.4111,80.2275,18.36,79,24,8.93
416,Sitio Novo Do Tocantins,BR,2021-11-27 19:06:44,-5.5183,-47.4611,89.91,50,88,4.43
417,Nogliki,RU,2021-11-27 19:06:44,51.8333,143.1667,24.35,81,6,14.23
418,Saint George,US,2021-11-27 19:02:57,37.1041,-113.5841,66.67,22,1,0.0
419,Nome,US,2021-11-27 19:06:44,64.5011,-165.4064,-12.93,58,1,4.61
420,Baile Herculane,RO,2021-11-27 19:06:44,44.8797,22.4125,46.65,90,97,3.33
421,Turayf,SA,2021-11-27 19:06:45,31.6725,38.6637,61.02,39,10,7.61
422,Renigunta,IN,2021-11-27 19:06:45,13.65,79.5167,74.12,97,100,4.25
423,Kurayoshi,JP,2021-11-27 19:06:45,35.4333,133.8167,46.56,67,67,8.25
424,Ambulu,ID,2021-11-27 19:06:45,-8.345,113.6058,75.33,93,100,3.11
425,Klaksvik,FO,2021-11-27 19:06:46,62.2266,-6.589,31.12,95,100,7.7
426,Chapais,CA,2021-11-27 19:06:46,49.7834,-74.8492,19.18,86,100,15.97
427,Maceio,BR,2021-11-27 19:06:46,-9.6658,-35.7353,87.24,66,20,20.71
428,Marshfield,US,2021-11-27 19:06:46,44.6689,-90.1718,31.73,74,90,3.44
429,Ishigaki,JP,2021-11-27 19:06:47,24.3448,124.1572,71.49,77,100,25.59
430,Nouadhibou,MR,2021-11-27 19:01:49,20.931,-17.0347,69.87,65,70,23.91
431,Bara,NG,2021-11-27 19:06:47,10.3744,10.7288,79.52,18,32,5.97
432,Santa Fe,AR,2021-11-27 19:06:47,-31.6333,-60.7,90.7,24,100,9.17
433,Thai Nguyen,VN,2021-11-27 19:06:47,21.5928,105.8442,62.38,68,15,4.47
434,La Ronge,CA,2021-11-27 19:06:48,55.1001,-105.2842,27.7,73,6,13.89
435,Ozernovskiy,RU,2021-11-27 19:06:48,51.5,156.5167,24.82,85,100,16.33
436,Altay,CN,2021-11-27 19:05:08,47.8667,88.1167,4.59,61,10,6.53
437,Shaoguan,CN,2021-11-27 19:06:48,24.8,113.5833,51.67,80,0,1.92
438,Tibati,CM,2021-11-27 19:06:48,6.4667,12.6333,76.05,26,88,3.67
439,Fukue,JP,2021-11-27 19:06:49,32.6881,128.8419,55.63,57,0,18.05
440,Camiri,BO,2021-11-27 19:06:49,-20.05,-63.5167,98.38,28,20,6.91
441,Hami,CN,2021-11-27 19:06:49,42.8,93.45,27.43,47,100,10.33
442,Rorvik,NO,2021-11-27 19:06:49,64.8621,11.2373,29.14,79,100,10.65
443,Nurota,UZ,2021-11-27 19:06:50,40.5614,65.6886,35.69,60,41,1.61
444,Kattivakkam,IN,2021-11-27 19:06:50,13.2167,80.3167,78.89,87,100,10.83
445,Roald,NO,2021-11-27 19:06:50,62.5833,6.1333,26.74,80,0,11.5
446,Sobolevo,RU,2021-11-27 19:06:50,54.4299,31.8996,38.48,90,100,15.52
447,Salmas,IR,2021-11-27 19:06:51,38.1973,44.7653,43.09,65,100,0.65
448,Bayir,TR,2021-11-27 19:06:51,37.2687,28.2167,59.52,93,100,12.41
449,Kindu,CD,2021-11-27 19:06:51,-2.95,25.95,69.69,99,100,3.06
450,Rocha,UY,2021-11-27 19:06:51,-34.4833,-54.3333,76.87,54,2,14.36
451,Cape Canaveral,US,2021-11-27 19:07:52,28.4058,-80.6048,71.67,50,1,8.05
452,Killybegs,IE,2021-11-27 19:07:52,54.6333,-8.45,40.71,62,100,13.42
453,Tuy Hoa,VN,2021-11-27 19:07:52,13.0833,109.3,76.19,97,100,13.58
454,Katangli,RU,2021-11-27 19:07:52,51.7102,143.2326,23.83,82,6,14.85
455,Vila Velha,BR,2021-11-27 19:07:53,-20.3297,-40.2925,76.95,78,0,9.22
456,Guatire,VE,2021-11-27 19:07:53,10.4762,-66.5427,75.7,91,96,3.58
457,Victor Harbor,AU,2021-11-27 19:07:53,-35.5667,138.6167,57.29,79,0,9.95
458,Birjand,IR,2021-11-27 19:03:05,32.8663,59.2211,52.43,42,56,2.59
459,Aripuana,BR,2021-11-27 19:07:53,-9.1667,-60.6333,86.45,63,94,3.11
460,Piterka,RU,2021-11-27 19:07:54,50.6803,47.4454,31.78,89,100,14.65
461,Bindura,ZW,2021-11-27 19:07:54,-17.3019,31.3306,66.69,57,7,6.2
462,Shu,KZ,2021-11-27 19:07:54,43.5983,73.7614,30.67,41,0,2.51
463,Tsaratanana,MG,2021-11-27 19:07:54,-16.7833,47.65,76.53,87,100,1.23
464,Kouango,CF,2021-11-27 19:07:55,4.9934,19.9619,79.32,42,100,2.3
465,Deer Lake,CA,2021-11-27 19:07:55,49.1667,-57.4316,51.87,85,100,13.49
466,Byron Bay,AU,2021-11-27 19:07:55,-28.65,153.6167,67.95,90,96,13.4
467,Antalaha,MG,2021-11-27 19:07:55,-14.9003,50.2788,75.27,86,76,2.64
468,Sorong,ID,2021-11-27 19:07:56,-0.8833,131.25,78.6,86,100,4.12
469,Castletown,IE,2021-11-27 19:07:56,53.0281,-9.0686,34.29,81,35,8.16
470,Sambava,MG,2021-11-27 19:07:56,-14.2667,50.1667,77.05,83,18,3.42
471,Semnan,IR,2021-11-27 19:07:56,35.5729,53.3971,49.48,54,0,3.15
472,Sungaipenuh,ID,2021-11-27 19:03:03,-2.0833,101.3833,65.14,85,100,0.58
473,Saryg-Sep,RU,2021-11-27 19:07:57,51.5,95.6,-7.19,98,96,3.67
474,Minot,US,2021-11-27 19:05:55,48.2325,-101.2963,41.99,45,75,20.71
475,Mangaratiba,BR,2021-11-27 19:07:57,-22.9597,-44.0406,77.36,77,26,5.79
476,Penha,BR,2021-11-27 19:07:57,-26.7694,-48.6458,78.67,73,20,11.5
477,Vadso,NO,2021-11-27 19:07:57,70.0744,29.7487,18.77,88,83,4.92
478,Bahia Blanca,AR,2021-11-27 19:06:59,-38.7196,-62.2724,61.32,94,90,25.32
479,Ravar,IR,2021-11-27 19:07:58,31.2656,56.8055,55.45,44,10,3.78
480,Pochutla,MX,2021-11-27 19:03:58,15.7432,-96.4661,85.82,42,11,8.99
481,Gladstone,AU,2021-11-27 19:07:58,-23.85,151.25,76.93,83,90,5.75
482,Saschiz,RO,2021-11-27 19:07:58,46.1833,24.9667,35.91,88,1,4.18
483,Niquelandia,BR,2021-11-27 19:05:05,-14.4739,-48.4597,80.28,72,95,8.5
484,Fortuna,US,2021-11-27 19:07:58,40.5982,-124.1573,62.94,77,1,0.0
485,Okhotsk,RU,2021-11-27 19:07:59,59.3833,143.3,1.67,72,96,5.48
486,Itoman,JP,2021-11-27 19:07:59,26.1247,127.6694,71.62,56,75,17.27
487,Kyren,RU,2021-11-27 19:07:59,51.6828,102.1408,1.47,82,5,2.42
488,Port Hedland,AU,2021-11-27 19:07:59,-20.3167,118.5667,78.85,36,10,6.91
489,Agadez,NE,2021-11-27 19:08:00,19.75,10.25,74.37,17,5,3.89
490,Poum,NC,2021-11-27 19:08:00,-20.2333,164.0167,79.16,77,2,12.39
491,Ahipara,NZ,2021-11-27 19:06:33,-35.1667,173.1667,61.47,81,97,3.18
492,Itubera,BR,2021-11-27 19:08:00,-13.7322,-39.1492,81.95,76,52,7.45
493,Guaymas,MX,2021-11-27 19:04:51,27.9333,-110.9,72.77,64,1,0.0
494,Tampin,MY,2021-11-27 19:09:00,2.4701,102.2302,78.33,96,94,3.53
495,Talcahuano,CL,2021-11-27 19:09:01,-36.7167,-73.1167,64.08,59,20,20.71
496,Jalapa,MX,2021-11-27 19:06:44,19.5333,-96.9167,67.69,59,27,5.5
497,Marsh Harbour,BS,2021-11-27 19:09:01,26.5412,-77.0636,73.8,65,38,9.91
498,Ostrovnoy,RU,2021-11-27 19:09:01,68.0531,39.5131,8.2,91,18,7.94
499,High Level,CA,2021-11-27 19:09:01,58.5169,-117.136,15.37,88,23,3.42
500,Monrovia,LR,2021-11-27 19:07:36,6.3005,-10.7969,80.37,77,100,8.21
501,Sept-Iles,CA,2021-11-27 19:08:52,50.2001,-66.3821,41.52,100,90,5.75
502,Tashara,RU,2021-11-27 19:09:02,55.5195,83.5094,21.02,91,100,18.57
503,Ust-Nera,RU,2021-11-27 19:09:02,64.5667,143.2,-14.53,98,100,6.98
504,Chernoistochinsk,RU,2021-11-27 19:09:02,57.7364,59.8719,28.51,89,100,12.64
505,Bairiki,KI,2021-11-27 19:09:03,1.3292,172.9752,82.4,69,20,17.27
506,Norfolk,US,2021-11-27 19:09:03,42.1668,-71.2495,40.71,45,1,17.27
507,Okha,RU,2021-11-27 19:09:03,53.5739,142.9478,24.93,87,93,13.89
508,Yaan,NG,2021-11-27 19:09:03,7.3833,8.5667,84.52,30,46,3.2
509,Honggang,CN,2021-11-27 19:09:04,46.4667,124.8667,22.35,96,6,10.18
510,Tabou,CI,2021-11-27 19:07:56,4.423,-7.3528,80.11,80,10,7.83
511,Saldanha,ZA,2021-11-27 19:09:04,-33.0117,17.9442,62.78,92,27,15.75
512,Am Timan,TD,2021-11-27 19:09:04,11.0297,20.2827,80.24,14,6,3.98
513,Linjiang,CN,2021-11-27 19:09:04,41.8069,126.9078,19.63,91,5,1.48
514,Vanimo,PG,2021-11-27 19:09:04,-2.6741,141.3028,77.36,87,100,6.4
515,Cayenne,GF,2021-11-27 19:09:05,4.9333,-52.3333,86.04,66,75,10.36
516,Patrasaer,IN,2021-11-27 19:09:05,23.2167,87.5167,64.17,57,99,4.45
517,Sorrento,IT,2021-11-27 19:09:05,40.626,14.3744,51.93,67,3,11.74
518,Tautira,PF,2021-11-27 19:09:05,-17.7333,-149.15,84.22,76,69,20.07
519,Bonthe,SL,2021-11-27 19:09:06,7.5264,-12.505,81.72,77,33,8.86
520,Beringovskiy,RU,2021-11-27 19:09:06,63.05,179.3167,2.43,97,100,8.63
521,Yambio,SS,2021-11-27 19:09:06,4.5721,28.3955,74.55,48,84,4.07
522,Praia Da Vitoria,PT,2021-11-27 19:09:06,38.7333,-27.0667,60.37,70,39,8.25
523,Xining,CN,2021-11-27 19:09:07,36.6167,101.7667,30.83,36,7,1.63
524,Zverinogolovskoye,RU,2021-11-27 19:09:07,54.4586,64.8542,18.5,94,49,10.4
525,Wanning,CN,2021-11-27 19:09:07,18.8003,110.3967,72.59,87,100,17.18
526,Vilhena,BR,2021-11-27 19:09:07,-12.7406,-60.1458,81.3,70,99,3.27
527,Laguna,US,2021-11-27 19:06:29,38.421,-121.4238,66.02,67,1,0.0
528,De Aar,ZA,2021-11-27 19:09:08,-30.6497,24.0123,66.04,29,1,10.42
529,Sao Joao Da Barra,BR,2021-11-27 19:09:08,-21.6403,-41.0511,82.49,78,35,11.83
530,Burnie,AU,2021-11-27 19:09:08,-41.0667,145.9167,47.68,85,0,6.11
531,Chingirlau,KZ,2021-11-27 19:09:08,51.095,54.0814,18.41,81,10,9.08
532,Urumqi,CN,2021-11-27 19:07:31,43.801,87.6005,16.75,73,0,8.95
533,Pacific Grove,US,2021-11-27 19:09:09,36.6177,-121.9166,66.31,39,1,4.61
534,Voi,KE,2021-11-27 19:09:09,-3.3945,38.563,73.71,83,87,8.99
535,Arcata,US,2021-11-27 19:09:03,40.8665,-124.0828,63.21,72,90,0.0
536,Basco,PH,2021-11-27 19:09:09,20.4487,121.9702,77.05,86,100,32.41
537,Hervey Bay,AU,2021-11-27 19:09:09,-25.2986,152.8535,71.71,86,70,14.45
538,Wilmington,US,2021-11-27 19:06:13,34.2257,-77.9447,53.51,26,1,3.44
539,Anadyr,RU,2021-11-27 19:09:10,64.75,177.4833,-18.67,90,98,2.73
540,Scarborough,GB,2021-11-27 19:09:42,54.2797,-0.4044,36.97,79,100,33.02
541,Labuan,MY,2021-11-27 19:10:10,5.2767,115.2417,78.96,76,100,1.25
542,Pascagoula,US,2021-11-27 19:06:10,30.3658,-88.5561,63.32,25,1,0.0
543,Motihari,IN,2021-11-27 19:10:10,26.65,84.9167,65.8,57,0,4.07
544,Rognan,NO,2021-11-27 19:10:10,67.0953,15.3878,15.94,89,9,9.06
545,Churapcha,RU,2021-11-27 19:10:11,62.0025,132.4325,3.27,85,100,13.56
546,Guarumal,PA,2021-11-27 19:10:11,8.35,-82.5333,86.09,70,40,10.36
547,Los Llanos De Aridane,ES,2021-11-27 19:09:08,28.6585,-17.9182,62.35,68,40,14.97
548,Dickinson,US,2021-11-27 19:10:11,29.4608,-95.0513,60.75,79,90,4.61
549,Taseyevo,RU,2021-11-27 19:07:54,57.2169,94.8978,19.2,87,100,9.66
550,Miles City,US,2021-11-27 19:10:12,46.4083,-105.8406,41.97,65,1,8.05
551,Pucallpa,PE,2021-11-27 19:10:12,-8.3791,-74.5539,91.44,52,40,4.61
552,Samdari,IN,2021-11-27 19:10:12,25.8167,72.5833,73.17,25,45,3.91
553,Gorgan,IR,2021-11-27 19:10:12,36.8387,54.4348,56.1,60,0,4.21
554,Brawley,US,2021-11-27 19:10:12,32.9787,-115.5303,73.65,12,1,4.61
555,Shymkent,KZ,2021-11-27 19:10:13,42.3,69.6,28.99,100,0,6.71
556,Olinda,BR,2021-11-27 19:10:13,-8.0089,-34.8553,85.73,66,40,8.05
557,Bandarbeyla,SO,2021-11-27 19:10:09,9.4942,50.8122,79.41,80,10,18.03
